,start,end
0,2021-02-23 09:42:28.629992,2021-02-23 09:42:28.923834
1,2021-02-23 09:42:34.095008,2021-02-23 09:42:34.626168
2,2021-02-23 09:42:35.053139,2021-02-23 09:42:35.530340
3,2021-02-23 09:42:36.018668,2021-02-23 09:42:37.981890
4,2021-02-23 09:42:38.240731,2021-02-23 09:42:38.895554
5,2021-02-23 09:42:40.878212,2021-02-23 09:42:40.927181
6,2021-02-23 09:42:41.410908,2021-02-23 09:42:41.645781
7,2021-02-23 09:42:41.705762,2021-02-23 09:42:42.009593
8,2021-02-23 09:42:42.077565,2021-02-23 09:42:42.251471
